<?xml version="1.0" encoding="UTF-8"?>
<project-private xmlns="http://www.netbeans.org/ns/project-private/1">
    <editor-bookmarks xmlns="http://www.netbeans.org/ns/editor-bookmarks/2" lastBookmarkId="0"/>
    <open-files xmlns="http://www.netbeans.org/ns/projectui-open-files/2">
        <group>
            <file>file://hpu.edu/Academic/profiles/aaltamir/Documents/NetBeansProjects/CharDB/src/CharDB.fxml</file>
            <file>file://hpu.edu/Academic/profiles/aaltamir/Documents/NetBeansProjects/CharDB/src/Controller.java</file>
            <file>file://hpu.edu/Academic/profiles/aaltamir/Documents/NetBeansProjects/CharDB/src/Main.java</file>
            <file>file://hpu.edu/Academic/profiles/aaltamir/Documents/NetBeansProjects/CharDB/src/JavaConnectDB.java</file>
        </group>
    </open-files>
</project-private>
